#,Team,Name,Appearances
1,,Ludek Nemecek,1
2,,Tomáš Fryšták,1
3,,Lukas Soukup,1
4,,Dávid Hancko,3
5,,Ladislav Krejčí,19
6,,Petr Ševčík,18
7,,Lukáš Kalvach,28
8,,Pavol Bajza,11
9,,Václav Jurečka,27
10,,Srđan Plavšić,24
11,,Casper Højer,21
12,,Eneo Bitri,12
13,,Kaan Kairinen,15
14,,Lukáš Haraslín,22
15,,Peter Olayinka,23
16,,Dávid Sípoš,11
17,,Luděk Pernica,21
18,,Tomáš Chorý,34
19,,Jan Kuchta,29
20,,Tomáš Ladra,32
21,,Lukáš Sadílek,34
22,,Igoh Ogbu,16
23,,Jan Chramosta,34
24,,Taras Kacharaba,19
25,,Roman Kvet,30
26,,Michal Frydrych,14
27,,Jiří Letáček,9
28,,Jindřich Staněk,33
29,,Maksym Talovierov,13
30,,Marek Matějovský,28
31,,Marek Havlík,33
32,,Stanislav Tecl,30
33,,Marián Tvrdoň,3
34,,Christos Zafeiris,15
35,,Ondrej Lingr,27
36,,Aleš Čermák,14
37,,Tomáš Čvančara,24
38,,Dominik Janošek,33
39,,Florin Niță,17
40,,Jakub Řezníček,35
41,,Ivan Schranz,22
42,,David Lischka,15
43,,Modou N'Diaye,11
44,,Petr Hronek,20
45,,Jiří Sláma,24
46,,Stanislav Hofmann,31
47,,Stanislav Dostal,11
48,,Ľubomír Tupta,17
49,,Ondrej Karafiat,30
50,,David Jurásek,31
51,,Jakub Rada,28
52,,Jan Sedlak,5
53,,Jaroslav Svozil,2
54,,Dominik Holec,7
55,,Lukáš Masopust,19
56,,Filip Čihák,14
57,,Jakub Považanec,29
58,,Vakhtang Chanturishvili,29
59,,Martin Králik,29
60,,Jakub Hora,27
61,,David Doudera,29
62,,Jakub Markovič,15
63,,Lukáš Červ,32
64,,Benjamin Čolić,20
65,,Mojmir Chytil,34
66,,Christian Frydek,31
67,,Filip Panák,15
68,,Asger Sørensen,32
69,,Tomáš Holeš,21
70,,Jan Seda,19
71,,Abdallah Gning,32
72,,Václav Jemelka,32
73,,Erik Prekop,29
74,,Jan Hanus,32
75,,Daniel Fila,17
76,,Victor Olatunji,18
77,,Tomáš Wiesner,28
78,,Robert Hrubý,29
79,,Ladislav Almási,21
80,,Aiham Ousou,19
81,,Jan Kliment,12
82,,Marcel Čermák,14
83,,Jan Juroska,18
84,,Pavel Bucha,33
85,,Rafiu Durosinmi,15
86,,Michal Ševčík,34
87,,Mick van Buren,34
88,,David Pavelka,18
89,,Moses Usor,15
90,,Lukáš Hejda,29
91,,Jakub Hromada,19
92,,Cadu,27
93,,Adam Vlkanova,33
94,,Juraj Chvátal,26
95,,Patrik Hellebrand,31
96,,Ewerton,14
97,,Muhammed Sanneh,11
98,,Jan Bořil,2
99,,Milan Lexa,3
100,,Jan Krob,9
101,,Miloš Kratochvíl,18
102,,Theodor Gebre Selassie,16
103,,Ondřej Zmrzlý,34
104,,Christ Junior Tiehi,13
105,,Erik Jirka,28
106,,Matěj Polidar,30
107,,Michal Kadlec,33
108,,Vit Benes,30
109,,Antonín Růsek,24
110,,Dion Cools,8
111,,Matěj Ryneš,24
112,,Martin Pospisil,14
113,,Eduardo Santos,12
114,,Jaroslav Zelený,34
115,,Jan Laštůvka,24
116,,Olivier Vliegen,28
117,,Matěj Valenta,22
118,,Filip Balaj,16
119,,Milan Škoda,18
120,,Mohamed Doumbia,20
121,,Daniel Trubač,32
122,,Marek Icha,25
123,,Jiří Texl,34
124,,Lukáš Hůlka,35
125,,Vojtech Smrz,28
126,,Awer Mabil,14
127,,Ondřej Kolář,25
128,,Florent Poulolo,16
129,,Michal Hlavatý,32
130,,Vojtech Kubista,24
131,,Matěj Jurásek,21
132,,Petr Mikulec,7
133,,Libor Kozák,23
134,,Tomáš Vlček,31
135,,Jhon Mosquera,32
136,,Nemanja Kuzmanović,32
137,,Jakub Kolar,26
138,,Michal Tomič,21
139,,Vladislav Levin,9
140,,Qazim Laci,17
141,,Dominik Plechatý,32
142,,Jiři Fleisman,30
143,,Lamin Jawo,27
144,,Matěj Hybš,30
145,,Jan Sýkora,21
146,,Adam Gabriel,26
147,,Patrik Vydra,5
148,,Martin Minchev,29
149,,Michal Reichl,21
150,,Tomáš Břečka,6
151,,Filip Nguyen,34
152,,Matěj Vydra,16
153,,Milan Havel,29
154,,David Puskac,25
155,,Jakub Trefil,19
156,,Muhamed Tijani,31
157,,Vladimir Jovović,30
158,,Pavel Černý,33
159,,Jiří Spáčil,13
160,,Jan Kovařík,34
161,,Ondřej Ševčík,9
162,,Jiří Klíma,27
163,,Petr Reinberk,27
164,,Neđeljko Kovinić,19
165,,Lukáš Provod,22
166,,Denis Ventura,23
167,,Nemanja Mićević,17
168,,Roman Vales,17
169,,Jan Navratil,35
170,,Martin Vitík,22
171,,Filip Prebsl,26
172,,František Čech,26
173,,Filip Kubala,27
174,,Matej Kovar,28
175,,Daniel Mareček,30
176,,Lukáš Mareček,27
177,,Martin Hruby,1
178,,Radek Látal,2
179,,Jakub Pešek,3
180,,Michal Trávník,27
181,,David Houska,15
182,,Milan Petržela,30
183,,Robert Jukl,29
184,,Adam Fousek,23
185,,Dominik Simersky,33
186,,Filip Souček,20
187,,Radim Breite,33
188,,Martin Suchomel,13
189,,Matúš Macík,13
190,,Karel Pojezný,27
191,,Václav Sejk,30
192,,Martin Cedidla,24
193,,Lukáš Havel,30
194,,Pavel Šulc,32
195,,Libor Holík,26
196,,Jakub Šural,24
197,,Martin Janáček,20
198,,Petr Kodes,30
199,,Martin Jedlička,15
200,,Jakub Hora,12
201,,Tom Sloncik,14
202,,Václav Drchal,30
203,,Stepan Chaloupek,20
204,,Marios Pourzitidis,28
205,,Dominik Preisler,26
206,,Daniel Vasulin,26
207,,Youba Drame,28
208,,Jakub Pokorný,31
209,,Denis Višinský,15
210,,Filip Zorvan,27
211,,Seung-bin Kim,12
212,,Marek Suchý,31
213,,Jan Matoušek,26
214,,Šimon Falta,27
215,,Lukas Vrastil,21
216,,Robin Hranáč,28
217,,Joss Didiba,28
218,,Oscar Dorley,25
219,,Filip Kaloč,29
220,,Michal Rabušic,22
221,,Matej Rakovan,24
222,,Tomas Kucera,28
223,,Matej Trusa,14
224,,Václav Pilař,16
225,,Jakub Martinec,21
226,,Jakub Fulnek,29
227,,Wale Musa Alli,35
228,,Jan Knapík,20
229,,Dominik Mares,13
230,,Filip Žák,30
231,,Pavel Zifcak,28
232,,Martin Hála,25
233,,Jan Kalabiška,30
234,,Ondřej Mihálik,30
235,,David Buchta,27
236,,Martin Dostal,32
237,,David Heidenreich,20
238,,Vasil Kušej,16
239,,Adam Jánoš,31
240,,Róbert Matejov,12
241,,Lukáš Endl,20
242,,Vlasiy Sinyavskiy,26
243,,Martin Chlumecky,24
244,,Eldar Šehić,24
245,,Merchas Doski,26
246,,Laco Takacs,5
247,,Martin Berkovec,32
248,,Jan Vodhanel,23
249,,Jan Kopic,21
250,,David Šimek,28
251,,Vojtěch Sychra,29
252,,Adam Karabec,23
253,,Ladislav Krobot,22
254,,Filip Kaša,13
255,,Vlastimil Danicek,30
256,,Jakub Jankto,15
257,,Petr Jaroň,23
258,,Jan Vondra,17
259,,Matěj Koubek,30
260,,Tomas Vondrasek,19
261,,Petr Kurka,3
262,,Kristi Qose,1
263,,Vukadin Vukadinović,31
264,,Imad Rondić,28
265,,Jan Král,19
266,,Bartosz Pikul,16
267,,Roman Potočný,29
268,,Lukas Bartosak,25
269,,Daniel Tetour,10
270,,Aleš Mandous,10
271,,Jan Mikula,19
272,,Jan Shejbal,8
273,,Denis Darmovzal,17
274,,Josef Jindrisek,34
275,,Jan Hellebrand,7
276,,Babacar Sy,10
277,,Filip Vecheta,27
278,,Krystof Daněk,27
279,,Dele Israel,5
280,,Michal Sáček,5
281,,Michal Škoda,22
282,,Tomáš Hübschman,25
283,,Patrik Čavoš,28
284,,Jiri Boula,17
285,,Abubakar Ghali,16
286,,Martin Polaček,6
287,,Jan Mejdr,26
288,,David Pech,23
289,,Michal Fukala,19
290,,Antonin Fantis,20
291,,Jiří Skalák,21
292,,Fortune Akpan Bassey,12
293,,Kamil Vacek,30
294,,David Vaněček,8
295,,David Stepanek,14
296,,Michal Leibl,15
297,,Matěj Helešic,28
298,,Jakub Klíma,31
299,,Jan Hlavica,24
300,,Jakub Janetzky,26
301,,Matyáš Kozák,23
302,,Jan Fortelný,14
303,,Daniel Souček,24
304,,Jan Hladík,31
305,,Antonín Křapka,29
306,,Marek Hlinka,22
307,,Ubong Ekpai,12
308,,Tadeas Vachousek,16
309,,Mohamed Tijani,17
310,,Samuel Dancak,22
311,,Jakub Matoušek,14
312,,David Huf,8
313,,Jakub Urbanec,28
314,,Emil Tischler,20
315,,Joshua Akpudje,14
316,,Filip Mucha,15
317,,Václav Procházka,27
318,,Ivan Varfolomieiev,14
319,,Gigli Ndefe,22
320,,Daniel Holzer,25
321,,Robert Mišković,22
322,,Patrik Žitný,15
323,,Michal Kohút,17
324,,Martin Novy,15
325,,Dāvis Ikaunieks,20
326,,Patrik Šimko,14
327,,Denis Granečný,28
328,,Filip Blecha,22
329,,Daniel Smekal,9
330,,Matej Sin,11
331,,Michal Beran,24
332,,Pech Dominik,1
333,,Vlastimil Hruby,1
334,,Libor Bobcik,1
335,,Adam Goljan,2
336,,Adam Hloušek,2
337,,Martin Košťál,2
338,,Daniel Šmiga,2
339,,David Krch,2
340,,Tomáš Polyak,7
341,,Samuel Šimek,7
342,,Pavel Dvorak,17
343,,Martin Sladký,22
344,,Denis Donát,20
345,,Lukáš Greššák,19
346,,Vojtech Stransky,15
347,,Tomas Grigar,19
348,,Ondřej Šašinka,19
349,,Lukáš Juliš,8
350,,Ibrahim Traoré,12
351,,Ondrej Pachlopnik,14
352,,Stepan Harazim,18
353,,Jakub Kucera,27
354,,Rudolf Reiter,20
355,,Tomáš Zajíc,21
356,,Alois Hycka,28
357,,Patrik Brandner,18
358,,Tomáš Zahradníček,6
359,,Vojtech Patrak,18
360,,Denis Kramář,7
361,,Hugo Jan Bačkovský,9
362,,Daniel Hais,16
363,,Jakub Šiman,2
364,,Nicolas Penner,18
365,,Petr Pudhorocký,12
366,,David Broukal,21
367,,Tomáš Solil,7
368,,Ondrej Coudek,7
369,,Matěj Hrabina,30
370,,Matej Mršić,8
371,,Yira Collins Sor,3
372,,Viktor Budinský,3
373,,Patrik Vízek,3
374,,Roman Čerepkai,4
375,,Jakub Grič,11
376,,Quadri Adebayo Adediran,13
377,,Daniel Köstl,33
378,,Dominik Plestil,8
379,,Kamso Mara,5
380,,Josef Koželuh,8
381,,Jáchym Šíp,7
382,,Dominik Kostka,26
383,,Lukáš Rogožan,13
384,,Michal Černák,22
385,,Jan Sterba,7
386,,Jakub Kristan,8
387,,Adam Kadlec,8
388,,Karol Mészáros,15
389,,Leandro Jabá,17
390,,Filip Novotny,18
391,,Jakub Prichystal,11
392,,Patrik Mekota,1
393,,Oliver Velich,1
394,,Vojtěch Hora,1
395,,Daniel Kaštánek,2
396,,Ondrej Lehoczki,2
397,,Jakub Švec,4
398,,Martin Toml,5
399,,Tomas Zlatohlavek,5
400,,Ondrej Kricfalusi,6
401,,Marek Červenka,8
402,,Lukáš Čmelík,24
403,,Lukas Masek,18
404,,Lukáš Skovajsa,17
405,,Ondřej Petrák,12
406,,Jakub Necas,16
407,,Pavel Juroska,13
408,,Branislav Sluka,14
409,,Jan Silný,16
410,,Radim Řezník,5
411,,Ladislav Muzik,27
412,,Ladislav Kodad,21
413,,Matej Radosta,11
414,,Jakub Matoušek,17
415,,Nana Akosah-Bempah,4
416,,Jan Morávek,5
417,,Ondřej Chvěja,2
418,,Martin Fillo,20
419,,Tomáš Necid,8
420,,David Bartek,6
421,,Marek Beranek,1
422,,Libor Bastl,1
423,,Tomáš Schánělec,2
424,,Lukáš Hrdlička,2
425,,Rene Dedic,3
426,,Martin Kudela,3
427,,Tadeas Stoppen,3
428,,Vojtěch Novák,5
429,,Daniel Krch,8
430,,Antonin Vanicek,5
431,,Bernardo Costa Da Rosa,9
432,,Adam Čičovský,5
433,,Tomáš Koukola,8
434,,Josef Divisek,13
435,,Mohamed Yasser,9
436,,Dimitrije Kamenović,2
437,,Denis Kaulfus,2
438,,David Tkáč,4
439,,Soufiane Dramé,15
440,,Lukáš Budinský,1
441,,Dominik Holan,1
442,,Vaclav Svoboda,2
443,,Jonáš Vais,2
444,,Martin Hlavac,3
445,,Jan Jeřábek,4
446,,Petr Rybicka,7
447,,Tomáš Malinský,8
448,,Michal Surzyn,23
449,,Zdenek Riha,1
450,,Dominik Prochazka,4
451,,Colet Kapanga,2
452,,Jakub Surovčík,3
453,,Ishaku Konda,1
454,,Jan Halász,1
455,,Jiri Borek,1
456,,Frantisek Matys,0
457,,David Krška,0
458,,Ondřej Čelůstka,1
459,,Adam Kronus,1
460,,Ibrahima Sarr,1
461,,Matous Nikl,1
462,,Jakub Emmer,1
463,,David Jambor,1
464,,Václav Kadlec,2
465,,Vojtech Baloun,2
